Order ID,Order Date,CustomerName,State,City
B-26000,11-03-2018,Madan Mohan,West Bengal,Siliguri
B-26001,27-05-2018,Uudhav,Punjab,Amritsar
B-26002,22-06-2018,Anjali,Andhra Pradesh,Vijayawada
B-26003,13-09-2018,Sudevi,West Bengal,Kolkata
B-26004,26-06-2018,Vrinda,Andhra Pradesh,Hyderabad
B-26005,06-04-2018,Madan Mohan,Maharashtra,Nagpur
B-26006,20-08-2018,Lalita,Maharashtra,Mumbai
B-26007,12-11-2018,Sarita,Delhi,Delhi
B-26008,05-09-2018,Krishna,Delhi,Delhi
B-26009,30-09-2018,Madan Mohan,Uttar Pradesh,Lucknow
B-26010,17-07-2018,Sarita,Punjab,Amritsar
B-26011,09-03-2018,Anjali,Maharashtra,Mumbai
B-26012,02-01-2018,Madhav,Gujarat,Ahmedabad
B-26013,06-01-2018,Krishna,Andhra Pradesh,Hyderabad
B-26014,14-04-2018,Uudhav,Punjab,Amritsar
B-26015,14-11-2018,Harivansh,Punjab,Ludhiana
B-26016,02-03-2018,Madhav,Andhra Pradesh,Hyderabad
B-26017,19-09-2018,Vishakha,Karnataka,Bengaluru
B-26018,26-03-2018,Shiva,Maharashtra,Nagpur
B-26019,05-08-2018,Harivansh,Delhi,Delhi
B-26020,10-06-2018,Shreyshi,Andhra Pradesh,Vijayawada
B-26021,06-11-2018,Shreyshi,West Bengal,Siliguri
B-26022,17-12-2018,Anjali,Karnataka,Bengaluru
B-26023,06-04-2018,Shiva,West Bengal,Siliguri
B-26024,03-11-2018,Sudevi,Gujarat,Ahmedabad
B-26025,18-07-2018,Bhishm,Gujarat,Surat
B-26026,27-04-2018,Sudevi,Gujarat,Ahmedabad
B-26027,08-04-2018,Vrinda,West Bengal,Kolkata
B-26028,06-04-2018,Ramesh,Delhi,Delhi
B-26029,27-10-2018,Yogesh,Maharashtra,Nagpur
B-26030,01-03-2018,Gopal,Gujarat,Ahmedabad
B-26031,09-03-2018,Lalita,Madhya Pradesh,Bhopal
B-26032,07-04-2018,Uudhav,Madhya Pradesh,Bhopal
B-26033,24-02-2018,Sarita,Delhi,Delhi
B-26034,26-12-2018,Vishakha,Andhra Pradesh,Vijayawada
B-26035,20-08-2018,Gopal,Gujarat,Surat
B-26036,10-09-2018,Gopal,Madhya Pradesh,Bhopal
B-26037,08-09-2018,Madan Mohan,Madhya Pradesh,Bhopal
B-26038,02-11-2018,Madhav,Andhra Pradesh,Vijayawada
B-26039,26-05-2018,Shiva,Karnataka,Mysuru
B-26040,28-02-2018,Gopal,Delhi,Delhi
B-26041,11-04-2018,Vishakha,Madhya Pradesh,Bhopal
B-26042,22-02-2018,Harivansh,Andhra Pradesh,Hyderabad
B-26043,02-03-2018,Shreyshi,Delhi,Delhi
B-26044,01-03-2018,Madhav,Delhi,Delhi
B-26045,14-02-2018,Sarita,Punjab,Amritsar
B-26046,04-06-2018,Shreyshi,Madhya Pradesh,Indore
B-26047,09-07-2018,Sarita,Punjab,Amritsar
B-26048,29-08-2018,Gopal,Madhya Pradesh,Bhopal
B-26049,01-05-2018,Vishakha,Uttar Pradesh,Lucknow
B-26050,12-08-2018,Bhishm,Maharashtra,Pune
B-26051,31-12-2018,Krishna,West Bengal,Kolkata
B-26052,08-02-2018,Uudhav,Uttar Pradesh,Varanasi
B-26053,18-03-2018,Sudevi,Delhi,Delhi
B-26054,22-06-2018,Vishakha,Delhi,Delhi
B-26055,27-11-2018,Madan Mohan,West Bengal,Kolkata
B-26056,29-07-2018,Bhishm,Maharashtra,Nagpur
B-26057,26-05-2018,Yogesh,Gujarat,Surat
B-26058,12-07-2018,Ramesh,Maharashtra,Nagpur
B-26059,27-02-2018,Sudevi,Madhya Pradesh,Indore
B-26060,12-05-2018,Gopal,Andhra Pradesh,Hyderabad
B-26061,16-09-2018,Anjali,Gujarat,Surat
B-26062,28-02-2018,Bhishm,Madhya Pradesh,Bhopal
B-26063,10-02-2018,Ramesh,Andhra Pradesh,Hyderabad
B-26064,25-08-2018,Madhav,Maharashtra,Pune
B-26065,03-05-2018,Uudhav,Punjab,Ludhiana
B-26066,21-07-2018,Sarita,Karnataka,Mysuru
B-26067,20-01-2018,Lalita,Gujarat,Ahmedabad
B-26068,12-11-2018,Lalita,Uttar Pradesh,Mathura
B-26069,28-05-2018,Anjali,Uttar Pradesh,Varanasi
B-26070,07-12-2018,Anjali,West Bengal,Kolkata
B-26071,11-08-2018,Ramesh,Uttar Pradesh,Varanasi
B-26072,30-10-2018,Uudhav,Punjab,Amritsar
B-26073,01-07-2018,Krishna,Maharashtra,Nagpur
B-26074,23-04-2018,Shreyshi,Punjab,Amritsar
B-26075,17-12-2018,Uudhav,Uttar Pradesh,Varanasi
B-26076,12-07-2018,Lalita,Gujarat,Ahmedabad
B-26077,27-10-2018,Vishakha,Uttar Pradesh,Prayagraj
B-26078,29-12-2018,Vishakha,Karnataka,Bengaluru
B-26079,07-02-2018,Bhishm,Madhya Pradesh,Bhopal
B-26080,12-03-2018,Yogesh,Maharashtra,Mumbai
B-26081,05-01-2018,Vishakha,Karnataka,Bengaluru
B-26082,04-08-2018,Ramesh,Andhra Pradesh,Vijayawada
B-26083,15-03-2018,Uudhav,Karnataka,Bengaluru
B-26084,30-09-2018,Shreyshi,Karnataka,Bengaluru
B-26085,15-01-2018,Bhishm,Uttar Pradesh,Mathura
B-26086,12-02-2018,Vishakha,Delhi,Delhi
B-26087,03-12-2018,Shreyshi,Andhra Pradesh,Hyderabad
B-26088,27-09-2018,Sudevi,Madhya Pradesh,Indore
B-26089,31-07-2018,Vrinda,Delhi,Delhi
B-26090,16-02-2018,Sudevi,Maharashtra,Nagpur
B-26091,04-09-2018,Yogesh,West Bengal,Kolkata
B-26092,15-05-2018,Bhishm,Uttar Pradesh,Varanasi
B-26093,29-10-2018,Uudhav,Andhra Pradesh,Vijayawada
B-26094,10-08-2018,Shreyshi,Madhya Pradesh,Bhopal
B-26095,18-10-2018,Harivansh,Maharashtra,Nagpur
B-26096,05-03-2018,Harivansh,West Bengal,Kolkata
B-26097,02-09-2018,Ramesh,Gujarat,Ahmedabad
B-26098,30-07-2018,Bhishm,West Bengal,Kolkata
B-26099,09-07-2018,Madan Mohan,Madhya Pradesh,Bhopal
B-26100,23-07-2018,Sarita,Karnataka,Bengaluru
B-26101,07-06-2018,Harivansh,Madhya Pradesh,Bhopal
B-26102,03-03-2018,Shreyshi,Maharashtra,Nagpur
B-26103,26-10-2018,Madan Mohan,Madhya Pradesh,Indore
B-26104,10-05-2018,Vishakha,Karnataka,Mysuru
B-26105,17-04-2018,Lalita,Gujarat,Surat
B-26106,18-07-2018,Yogesh,Madhya Pradesh,Bhopal
B-26107,14-06-2018,Sudevi,Karnataka,Bengaluru
B-26108,19-01-2018,Ramesh,Maharashtra,Mumbai
B-26109,02-04-2018,Sarita,Andhra Pradesh,Hyderabad
B-26110,09-11-2018,Lalita,Uttar Pradesh,Lucknow
B-26111,12-11-2018,Shreyshi,West Bengal,Siliguri
B-26112,16-11-2018,Shiva,Gujarat,Surat
B-26113,24-06-2018,Lalita,Punjab,Amritsar
B-26114,31-01-2018,Bhishm,Gujarat,Surat
B-26115,30-10-2018,Madhav,Madhya Pradesh,Bhopal
B-26116,09-10-2018,Anjali,Karnataka,Bengaluru
B-26117,07-04-2018,Madhav,Gujarat,Ahmedabad
B-26118,31-12-2018,Sudevi,Uttar Pradesh,Prayagraj
B-26119,09-01-2018,Harivansh,Gujarat,Surat
B-26120,27-07-2018,Sarita,Uttar Pradesh,Mathura
B-26121,24-05-2018,Anjali,Gujarat,Surat
B-26122,25-09-2018,Vishakha,Punjab,Ludhiana
B-26123,28-12-2018,Vrinda,West Bengal,Kolkata
B-26124,12-12-2018,Shiva,Madhya Pradesh,Bhopal
B-26125,27-03-2018,Vrinda,Maharashtra,Pune
B-26126,13-04-2018,Bhishm,Andhra Pradesh,Hyderabad
B-26127,01-02-2018,Sudevi,Andhra Pradesh,Hyderabad
B-26128,09-03-2018,Yogesh,Uttar Pradesh,Prayagraj
B-26129,19-12-2018,Madan Mohan,Karnataka,Mysuru
B-26130,23-07-2018,Madan Mohan,Maharashtra,Pune
B-26131,05-04-2018,Krishna,West Bengal,Siliguri
B-26132,27-12-2018,Shiva,Andhra Pradesh,Vijayawada
B-26133,05-02-2018,Shiva,Madhya Pradesh,Bhopal
B-26134,30-03-2018,Uudhav,Karnataka,Mysuru
B-26135,09-08-2018,Shiva,Karnataka,Mysuru
B-26136,08-10-2018,Shiva,West Bengal,Siliguri
B-26137,11-01-2018,Bhishm,Punjab,Ludhiana
B-26138,19-04-2018,Madan Mohan,Madhya Pradesh,Bhopal
B-26139,12-11-2018,Ramesh,Punjab,Ludhiana
B-26140,11-11-2018,Vishakha,Maharashtra,Mumbai
B-26141,13-08-2018,Shiva,Delhi,Delhi
B-26142,11-11-2018,Yogesh,Gujarat,Surat
B-26143,17-04-2018,Shreyshi,West Bengal,Siliguri
B-26144,23-12-2018,Krishna,Gujarat,Ahmedabad
B-26145,16-11-2018,Lalita,Gujarat,Ahmedabad
B-26146,13-06-2018,Vishakha,Punjab,Amritsar
B-26147,08-04-2018,Vishakha,West Bengal,Siliguri
B-26148,20-10-2018,Gopal,West Bengal,Kolkata
B-26149,31-08-2018,Shreyshi,Madhya Pradesh,Bhopal
B-26150,11-02-2018,Ramesh,Uttar Pradesh,Varanasi
B-26151,21-06-2018,Bhishm,Uttar Pradesh,Mathura
B-26152,13-03-2018,Bhishm,Andhra Pradesh,Vijayawada
B-26153,31-10-2018,Harivansh,Uttar Pradesh,Prayagraj
B-26154,03-04-2018,Vrinda,Gujarat,Ahmedabad
B-26155,09-04-2018,Sudevi,Andhra Pradesh,Hyderabad
B-26156,17-06-2018,Bhishm,West Bengal,Kolkata
B-26157,14-05-2018,Vishakha,Punjab,Ludhiana
B-26158,19-06-2018,Uudhav,Maharashtra,Mumbai
B-26159,16-06-2018,Ramesh,West Bengal,Siliguri
B-26160,08-04-2018,Bhishm,Maharashtra,Nagpur
B-26161,10-11-2018,Harivansh,Punjab,Amritsar
B-26162,17-08-2018,Uudhav,Karnataka,Bengaluru
B-26163,27-03-2018,Harivansh,West Bengal,Kolkata
B-26164,27-07-2018,Madhav,Gujarat,Ahmedabad
B-26165,14-10-2018,Yogesh,West Bengal,Kolkata
B-26166,07-04-2018,Anjali,Uttar Pradesh,Mathura
B-26167,05-06-2018,Shiva,Karnataka,Bengaluru
B-26168,04-07-2018,Yogesh,Uttar Pradesh,Mathura
B-26169,01-08-2018,Krishna,Gujarat,Surat
B-26170,06-03-2018,Lalita,Gujarat,Surat
B-26171,04-03-2018,Yogesh,Delhi,Delhi
B-26172,07-01-2018,Sarita,Gujarat,Ahmedabad
B-26173,30-09-2018,Sarita,West Bengal,Siliguri
B-26174,31-10-2018,Lalita,Punjab,Amritsar
B-26175,04-12-2018,Vrinda,Punjab,Ludhiana
B-26176,21-08-2018,Uudhav,Andhra Pradesh,Hyderabad
B-26177,30-11-2018,Ramesh,Maharashtra,Nagpur
B-26178,14-05-2018,Bhishm,Punjab,Amritsar
B-26179,09-02-2018,Krishna,Andhra Pradesh,Hyderabad
B-26180,12-04-2018,Gopal,Gujarat,Ahmedabad
B-26181,21-12-2018,Vishakha,Gujarat,Ahmedabad
B-26182,12-07-2018,Shiva,Andhra Pradesh,Vijayawada
B-26183,19-09-2018,Madan Mohan,West Bengal,Kolkata
B-26184,25-06-2018,Vishakha,Andhra Pradesh,Vijayawada
B-26185,02-11-2018,Gopal,Gujarat,Surat
B-26186,04-10-2018,Uudhav,Madhya Pradesh,Indore
B-26187,30-08-2018,Harivansh,Punjab,Amritsar
B-26188,02-02-2018,Lalita,Andhra Pradesh,Hyderabad
B-26189,15-07-2018,Uudhav,Uttar Pradesh,Prayagraj
B-26190,25-05-2018,Uudhav,Gujarat,Surat
B-26191,24-08-2018,Lalita,Punjab,Amritsar
B-26192,03-06-2018,Harivansh,Madhya Pradesh,Bhopal
B-26193,25-08-2018,Shreyshi,Maharashtra,Pune
B-26194,05-10-2018,Sarita,Uttar Pradesh,Varanasi
B-26195,19-03-2018,Shiva,Gujarat,Surat
B-26196,21-02-2018,Shiva,Madhya Pradesh,Bhopal
B-26197,01-07-2018,Bhishm,Gujarat,Ahmedabad
B-26198,24-03-2018,Lalita,Maharashtra,Nagpur
B-26199,30-10-2018,Krishna,Uttar Pradesh,Mathura
B-26200,17-12-2018,Vrinda,Gujarat,Surat
B-26201,20-10-2018,Vishakha,West Bengal,Kolkata
B-26202,04-10-2018,Sarita,Delhi,Delhi
B-26203,16-01-2018,Madan Mohan,Delhi,Delhi
B-26204,28-12-2018,Anjali,Punjab,Ludhiana
B-26205,27-09-2018,Uudhav,Punjab,Ludhiana
B-26206,27-11-2018,Krishna,Delhi,Delhi
B-26207,04-10-2018,Anjali,Madhya Pradesh,Indore
B-26208,13-09-2018,Krishna,Gujarat,Ahmedabad
B-26209,02-01-2018,Sudevi,Madhya Pradesh,Bhopal
B-26210,19-07-2018,Madhav,Uttar Pradesh,Mathura
B-26211,22-12-2018,Shreyshi,Uttar Pradesh,Lucknow
B-26212,20-12-2018,Gopal,Uttar Pradesh,Prayagraj
B-26213,16-05-2018,Harivansh,Uttar Pradesh,Prayagraj
B-26214,06-11-2018,Madhav,Madhya Pradesh,Indore
B-26215,07-01-2018,Harivansh,West Bengal,Siliguri
B-26216,11-03-2018,Madan Mohan,Maharashtra,Nagpur
B-26217,09-03-2018,Ramesh,Maharashtra,Nagpur
B-26218,30-08-2018,Vishakha,Delhi,Delhi
B-26219,10-09-2018,Vishakha,Uttar Pradesh,Varanasi
B-26220,11-11-2018,Sarita,Uttar Pradesh,Varanasi
B-26221,30-06-2018,Vishakha,Punjab,Ludhiana
B-26222,06-07-2018,Sudevi,West Bengal,Siliguri
B-26223,13-02-2018,Sudevi,Andhra Pradesh,Hyderabad
B-26224,13-05-2018,Vrinda,West Bengal,Kolkata
B-26225,10-03-2018,Vishakha,Gujarat,Surat
B-26226,19-08-2018,Harivansh,Punjab,Ludhiana
B-26227,24-03-2018,Sarita,Delhi,Delhi
B-26228,01-08-2018,Madan Mohan,Punjab,Amritsar
B-26229,21-09-2018,Lalita,Delhi,Delhi
B-26230,12-10-2018,Lalita,Uttar Pradesh,Mathura
B-26231,02-03-2018,Yogesh,Maharashtra,Nagpur
B-26232,19-07-2018,Shiva,Madhya Pradesh,Indore
B-26233,06-06-2018,Uudhav,Andhra Pradesh,Vijayawada
B-26234,08-09-2018,Vrinda,West Bengal,Siliguri
B-26235,30-08-2018,Krishna,West Bengal,Kolkata
B-26236,07-12-2018,Shreyshi,Karnataka,Bengaluru
B-26237,01-11-2018,Madhav,Delhi,Delhi
B-26238,13-09-2018,Gopal,Punjab,Ludhiana
B-26239,18-09-2018,Bhishm,West Bengal,Siliguri
B-26240,26-08-2018,Madhav,Maharashtra,Mumbai
B-26241,22-02-2018,Shiva,Delhi,Delhi
B-26242,30-11-2018,Vrinda,Maharashtra,Mumbai
B-26243,01-04-2018,Bhishm,West Bengal,Siliguri
B-26244,10-03-2018,Krishna,Maharashtra,Nagpur
B-26245,04-04-2018,Bhishm,Delhi,Delhi
B-26246,20-07-2018,Shreyshi,Madhya Pradesh,Bhopal
B-26247,08-08-2018,Vrinda,Maharashtra,Mumbai
B-26248,26-01-2018,Shreyshi,Gujarat,Surat
B-26249,13-05-2018,Vishakha,Delhi,Delhi
B-26250,06-05-2018,Madan Mohan,West Bengal,Kolkata
B-26251,28-12-2018,Bhishm,Delhi,Delhi
B-26252,18-07-2018,Krishna,Madhya Pradesh,Indore
B-26253,29-05-2018,Uudhav,Maharashtra,Pune
B-26254,05-10-2018,Sarita,Gujarat,Surat
B-26255,29-09-2018,Sarita,Gujarat,Surat
B-26256,04-04-2018,Madhav,Andhra Pradesh,Hyderabad
B-26257,15-01-2018,Bhishm,West Bengal,Siliguri
B-26258,08-10-2018,Uudhav,Punjab,Ludhiana
B-26259,12-02-2018,Bhishm,Karnataka,Bengaluru
B-26260,15-06-2018,Ramesh,Madhya Pradesh,Bhopal
B-26261,11-10-2018,Sarita,Punjab,Amritsar
B-26262,13-09-2018,Harivansh,Gujarat,Ahmedabad
B-26263,27-06-2018,Vishakha,Delhi,Delhi
B-26264,18-06-2018,Shiva,Gujarat,Ahmedabad
B-26265,01-07-2018,Harivansh,Gujarat,Ahmedabad
B-26266,29-04-2018,Sudevi,Andhra Pradesh,Hyderabad
B-26267,12-08-2018,Madhav,Gujarat,Surat
B-26268,06-07-2018,Ramesh,Madhya Pradesh,Indore
B-26269,10-01-2018,Anjali,Madhya Pradesh,Bhopal
B-26270,26-09-2018,Vishakha,Punjab,Ludhiana
B-26271,28-03-2018,Gopal,Andhra Pradesh,Hyderabad
B-26272,05-04-2018,Shiva,Maharashtra,Pune
B-26273,21-11-2018,Gopal,Gujarat,Ahmedabad
B-26274,20-12-2018,Sudevi,Maharashtra,Nagpur
B-26275,22-08-2018,Madhav,Delhi,Delhi
B-26276,25-09-2018,Sarita,Maharashtra,Pune
B-26277,17-03-2018,Ramesh,Gujarat,Surat
B-26278,05-08-2018,Sudevi,Punjab,Amritsar
B-26279,25-01-2018,Harivansh,Punjab,Ludhiana
B-26280,15-09-2018,Vishakha,Andhra Pradesh,Hyderabad
B-26281,28-02-2018,Vishakha,Delhi,Delhi
B-26282,27-06-2018,Harivansh,Uttar Pradesh,Lucknow
B-26283,23-11-2018,Harivansh,Delhi,Delhi
B-26284,06-12-2018,Uudhav,Andhra Pradesh,Vijayawada
B-26285,25-09-2018,Lalita,Maharashtra,Mumbai
B-26286,15-01-2018,Krishna,Maharashtra,Pune
B-26287,29-03-2018,Bhishm,West Bengal,Kolkata
B-26288,14-08-2018,Shiva,Punjab,Amritsar
B-26289,28-04-2018,Shreyshi,West Bengal,Kolkata
B-26290,12-09-2018,Madan Mohan,Andhra Pradesh,Vijayawada
B-26291,27-02-2018,Harivansh,Karnataka,Bengaluru
B-26292,25-01-2018,Anjali,West Bengal,Kolkata
B-26293,17-09-2018,Shiva,Andhra Pradesh,Hyderabad
B-26294,03-10-2018,Sarita,Punjab,Amritsar
B-26295,16-01-2018,Vrinda,West Bengal,Kolkata
B-26296,22-08-2018,Yogesh,Andhra Pradesh,Hyderabad
B-26297,06-06-2018,Harivansh,Delhi,Delhi
B-26298,10-04-2018,Sudevi,West Bengal,Kolkata
B-26299,18-01-2018,Ramesh,Maharashtra,Mumbai
B-26300,06-04-2018,Krishna,Karnataka,Bengaluru
B-26301,13-05-2018,Ramesh,Maharashtra,Nagpur
B-26302,28-05-2018,Harivansh,West Bengal,Kolkata
B-26303,06-09-2018,Sarita,Gujarat,Ahmedabad
B-26304,12-01-2018,Yogesh,Uttar Pradesh,Lucknow
B-26305,01-03-2018,Madan Mohan,Andhra Pradesh,Hyderabad
B-26306,16-05-2018,Sarita,West Bengal,Siliguri
B-26307,30-07-2018,Madan Mohan,Gujarat,Ahmedabad
B-26308,11-05-2018,Uudhav,West Bengal,Kolkata
B-26309,27-10-2018,Lalita,Uttar Pradesh,Prayagraj
B-26310,02-06-2018,Harivansh,Punjab,Amritsar
B-26311,05-10-2018,Sarita,Delhi,Delhi
B-26312,21-07-2018,Madhav,Delhi,Delhi
B-26313,28-11-2018,Madan Mohan,Madhya Pradesh,Indore
B-26314,31-05-2018,Madan Mohan,Madhya Pradesh,Indore
B-26315,24-05-2018,Madhav,Gujarat,Surat
B-26316,16-02-2018,Shreyshi,Gujarat,Surat
B-26317,02-06-2018,Uudhav,Gujarat,Surat
B-26318,04-09-2018,Ramesh,Maharashtra,Nagpur
B-26319,06-02-2018,Harivansh,Gujarat,Ahmedabad
B-26320,20-05-2018,Anjali,Delhi,Delhi
B-26321,14-08-2018,Ramesh,West Bengal,Kolkata
B-26322,24-09-2018,Madan Mohan,Gujarat,Ahmedabad
B-26323,27-09-2018,Madhav,Karnataka,Mysuru
B-26324,18-01-2018,Madhav,Maharashtra,Nagpur
B-26325,07-04-2018,Yogesh,Uttar Pradesh,Prayagraj
B-26326,14-08-2018,Ramesh,West Bengal,Siliguri
B-26327,14-01-2018,Lalita,Maharashtra,Nagpur
B-26328,23-06-2018,Vishakha,Punjab,Amritsar
B-26329,29-07-2018,Vishakha,Uttar Pradesh,Mathura
B-26330,07-03-2018,Madhav,Madhya Pradesh,Bhopal
B-26331,29-04-2018,Ramesh,West Bengal,Kolkata
B-26332,20-05-2018,Shiva,Delhi,Delhi
B-26333,17-01-2018,Shreyshi,Delhi,Delhi
B-26334,03-04-2018,Madhav,Maharashtra,Mumbai
B-26335,17-09-2018,Anjali,Karnataka,Mysuru
B-26336,15-07-2018,Vrinda,Karnataka,Mysuru
B-26337,16-08-2018,Krishna,Andhra Pradesh,Hyderabad
B-26338,14-06-2018,Yogesh,Gujarat,Surat
B-26339,09-03-2018,Lalita,Madhya Pradesh,Indore
B-26340,01-08-2018,Shiva,Uttar Pradesh,Mathura
B-26341,01-11-2018,Bhishm,Delhi,Delhi
B-26342,28-09-2018,Ramesh,West Bengal,Kolkata
B-26343,06-05-2018,Krishna,Madhya Pradesh,Indore
B-26344,12-09-2018,Madan Mohan,Uttar Pradesh,Varanasi
B-26345,27-03-2018,Krishna,Uttar Pradesh,Lucknow
B-26346,01-08-2018,Krishna,Punjab,Amritsar
B-26347,15-10-2018,Shiva,Gujarat,Surat
B-26348,21-10-2018,Yogesh,Madhya Pradesh,Indore
B-26349,02-07-2018,Madan Mohan,Karnataka,Bengaluru
B-26350,06-03-2018,Vrinda,Gujarat,Surat
B-26351,06-08-2018,Vrinda,Andhra Pradesh,Vijayawada
B-26352,22-05-2018,Vrinda,West Bengal,Siliguri
B-26353,24-09-2018,Lalita,Madhya Pradesh,Indore
B-26354,18-12-2018,Anjali,Punjab,Amritsar
B-26355,05-06-2018,Lalita,West Bengal,Siliguri
B-26356,16-05-2018,Sarita,Madhya Pradesh,Indore
B-26357,09-05-2018,Gopal,Gujarat,Ahmedabad
B-26358,03-11-2018,Sudevi,Gujarat,Ahmedabad
B-26359,08-12-2018,Madhav,Punjab,Ludhiana
B-26360,23-06-2018,Krishna,West Bengal,Siliguri
B-26361,29-01-2018,Gopal,West Bengal,Kolkata
B-26362,25-03-2018,Vrinda,Punjab,Amritsar
B-26363,21-03-2018,Shiva,Maharashtra,Nagpur
B-26364,18-01-2018,Harivansh,Punjab,Amritsar
B-26365,29-07-2018,Shiva,Maharashtra,Pune
B-26366,27-10-2018,Anjali,West Bengal,Siliguri
B-26367,28-04-2018,Bhishm,Punjab,Ludhiana
B-26368,07-04-2018,Krishna,Punjab,Ludhiana
B-26369,26-03-2018,Ramesh,Uttar Pradesh,Prayagraj
B-26370,19-08-2018,Sarita,Punjab,Amritsar
B-26371,02-06-2018,Shreyshi,Delhi,Delhi
B-26372,26-10-2018,Bhishm,Madhya Pradesh,Bhopal
B-26373,12-01-2018,Lalita,Gujarat,Ahmedabad
B-26374,04-07-2018,Yogesh,Karnataka,Bengaluru
B-26375,30-06-2018,Harivansh,Punjab,Ludhiana
B-26376,07-04-2018,Vishakha,Delhi,Delhi
B-26377,01-11-2018,Sarita,Karnataka,Mysuru
B-26378,28-03-2018,Ramesh,Madhya Pradesh,Indore
B-26379,22-11-2018,Gopal,Andhra Pradesh,Vijayawada
B-26380,24-02-2018,Yogesh,Uttar Pradesh,Lucknow
B-26381,10-04-2018,Krishna,Karnataka,Mysuru
B-26382,04-07-2018,Krishna,Uttar Pradesh,Mathura
B-26383,04-05-2018,Yogesh,Karnataka,Bengaluru
B-26384,15-07-2018,Gopal,Punjab,Amritsar
B-26385,29-08-2018,Vishakha,Punjab,Ludhiana
B-26386,08-11-2018,Krishna,Delhi,Delhi
B-26387,07-08-2018,Sarita,Madhya Pradesh,Indore
B-26388,18-10-2018,Yogesh,Madhya Pradesh,Indore
B-26389,16-03-2018,Vishakha,Madhya Pradesh,Bhopal
B-26390,25-01-2018,Lalita,Karnataka,Mysuru
B-26391,05-03-2018,Gopal,Andhra Pradesh,Hyderabad
B-26392,26-03-2018,Ramesh,Gujarat,Ahmedabad
B-26393,19-12-2018,Shreyshi,Delhi,Delhi
B-26394,11-07-2018,Anjali,Maharashtra,Mumbai
B-26395,17-10-2018,Krishna,Gujarat,Ahmedabad
B-26396,12-06-2018,Sudevi,Andhra Pradesh,Vijayawada
B-26397,17-05-2018,Gopal,Punjab,Amritsar
B-26398,30-09-2018,Madan Mohan,Madhya Pradesh,Indore
B-26399,26-10-2018,Shreyshi,Karnataka,Bengaluru
